40.500044,-74.237197	
40.510705,-74.242196	
40.511577,-74.249302	
40.511577,-74.249302	
40.511577,-74.249302	
40.511577,-74.249302	
40.5120382535219,-74.2497549524458	
40.5120382535219,-74.2497549524458	
40.5120382535219,-74.2497549524458	
40.5120382535219,-74.2497549524458	
40.515694,-74.233696	
40.515694,-74.233696	
40.516572,-74.196874	
40.51689,-74.23959	
40.518508,-74.234606	
40.52766697,-74.23022888	
40.53842303,-74.23741106	
40.54101164,-74.14710266	
40.54150138,-74.16252795	
40.549446,-74.170733	
40.549446,-74.170733	
40.552911,-74.154107	
40.560768,-74.17374	
40.560768,-74.17374	
40.564733,-74.152589	
40.565031,-74.100589	
40.567358,-74.112884	
40.572034,-74.093774	
40.57309,-74.135485	
40.573106,-73.9933	
40.5742856881925,-74.1059144051212	
40.5742856881925,-74.1059144051212	
40.575079,-73.975053	
40.575316,-74.169838	
40.57544,-73.96108	
40.57638,-73.997709	
40.57638,-73.997709	
40.576605,-73.995595	
40.5766459780433,-73.9764803960699	
40.5766459780433,-73.9764803960699	
40.5766459780433,-73.9764803960699	
40.576895,-73.848531	
40.576935,-73.952394	
40.576959,-73.992411	
40.5772,-73.990289	
40.577258,-73.976436	
40.577258,-73.976436	
40.57775995,-73.99580977	
40.577939,-73.839165	
40.578185,-74.169648	
40.57908,-73.835689	
40.583771,-73.819061	
40.585621,-73.966393	
40.5859433449759,-73.8161019228725	
40.5859433449759,-73.8161019228725	
40.5859433449759,-73.8161019228725	
40.5859433449759,-73.8161019228725	
40.5859433449759,-73.8161019228725	
40.586051,-73.971741	
40.586222,-73.816011	
40.586222,-73.816011	
40.586222,-73.816011	
40.587178,-74.164527	
40.587178,-74.164527	
40.587178,-74.164527	
40.587268,-73.95705	
40.587384,-74.191042	
40.58776197,-73.95619404	
40.587872,-73.808574	
40.590491,-73.970687	
40.59299916,-73.78248311	
40.593467,-73.933806	
40.59369,-73.787126	
40.59369,-73.787126	
40.593761,-73.784418	
40.5940190586592,-73.9608543158447	
40.5940190586592,-73.9608543158447	
40.5940190586592,-73.9608543158447	
40.5940190586592,-73.9608543158447	
40.5940190586592,-73.9608543158447	
40.594029,-73.753202	
40.594054,-73.960866	
40.594054,-73.960866	
40.594066,-73.793367	
40.594415,-73.778919	
40.594523,-73.761866	
40.59497,-74.001062	
40.595485,-73.935159	
40.595505,-73.759637	
40.595505,-73.759637	
40.595586,-73.934208	
40.59578403,-73.98406275	
40.595975,-73.802176	
40.596003,-73.742115	
40.596003,-73.742115	
40.596053,-74.062071	
40.596663,-73.956464	
40.59671269,-73.95600092	
40.59726,-73.986102	
40.59726,-73.986102	
40.59726,-73.986102	
40.59726,-73.986102	
40.59726,-73.986102	
40.59726,-73.986102	
40.597341,-73.748175	
40.597341,-73.748175	
40.59757,-73.958054	
40.598179,-74.076452	
40.598472,-73.959682	
40.598482,-73.980317	
40.599224,-73.764932	
40.599691,-74.003347	
40.599691,-74.003347	
40.599691,-74.003347	
40.599896,-74.110199	
40.59996,-73.94615	
40.600012,-74.083851	
40.600509,-73.95162	
40.601307,-73.935743	
40.601713,-73.993431	
40.601713,-73.993431	
40.602105,-73.974294	
40.602105,-73.974294	
40.60211211,-74.18783328	
40.602186,-73.749101	
40.6022161657077,-74.0029507988395	
40.6022161657077,-74.0029507988395	
40.6022161657077,-74.0029507988395	
40.602464,-74.00346	
40.602464,-74.00346	
40.602464,-74.00346	
40.602464,-74.00346	
40.602473,-73.760892	
40.60274,-73.750081	
40.60274,-73.750081	
40.60274,-73.750081	
40.60274,-73.750081	
40.60274,-73.750081	
40.60274,-73.750081	
40.60274,-73.750081	
40.60274,-73.750081	
40.60274,-73.750081	
40.60274,-73.750081	
40.602759,-73.987567	
40.6027762300781,-73.7501173648331	
40.6027762300781,-73.7501173648331	
40.6027762300781,-73.7501173648331	
40.605642,-74.164977	
40.605664,-73.984521	
40.60593,-73.758278	
40.6063,-73.965131	
40.606347,-73.961809	
40.606656,-73.75615	
40.607116,-73.978496	
40.607446,-73.954156	
40.608104,-73.948181	
40.60855617,-73.93753897	
40.610023,-73.922165	
40.61047,-73.981643	
40.61047,-73.981643	
40.610931,-73.920761	
40.610931,-73.920761	
40.611377,-73.961615	
40.611505,-74.087652	
40.613297,-73.917184	
40.613297,-73.917184	
40.613585,-73.926846	
40.614254,-74.025623	
40.614695,-73.985968	
40.615159,-74.080231	
40.615159,-74.080231	
40.616906,-74.033739	
40.617529,-73.993672	
40.618075,-74.157741	
40.61821622,-73.95814797	
40.61909406,-74.15271388	
40.61986,-73.980596	
40.62027,-74.036766	
40.62048731,-74.02929633	
40.62285974,-74.02534566	
40.6231883776008,-74.1492376947323	
40.6231883776008,-74.1492376947323	
40.623238,-74.149217	
40.623238,-74.149217	
40.623238,-74.149217	
40.62325193,-74.08382565	
40.624418,-74.139774	
40.624694,-73.939067	
40.62488601,-74.08254525	
40.624962,-74.166535	
40.624962,-74.166535	
40.625115,-73.920747	
40.62554499,-73.93996912	
40.62558,-73.946649	
40.62560206,-74.07503146	
40.625717,-73.991048	
40.625717,-73.991048	
40.62578046,-74.02415437	
40.6258375452829,-73.9909448942322	
40.6258375452829,-73.9909448942322	
40.6258375452829,-73.9909448942322	
40.62611327,-74.07397651	
40.626267,-73.973685	
40.626409,-74.081273	
40.626492,-73.976342	
40.626492,-73.976342	
40.626738,-74.074886	
40.627316,-73.964164	
40.627945,-74.024757	
40.627945,-74.024757	
40.6281697437036,-73.9413587834752	
40.6281697437036,-73.9413587834752	
40.6281697437036,-73.9413587834752	
40.628258,-73.971239	
40.628284,-74.026111	
40.628508,-73.941384	
40.628508,-73.941384	
40.628945,-73.967928	
40.629283,-73.918299	
40.630293,-73.970936	
40.6305998504358,-73.9737053160275	
40.6305998504358,-73.9737053160275	
40.6305998504358,-73.9737053160275	
40.6305998504358,-73.9737053160275	
40.6305998504358,-73.9737053160275	
40.6305998504358,-73.9737053160275	
40.630736,-73.973423	
40.630736,-73.973423	
40.630932,-73.918479	
40.63125,-73.945995	
40.63154,-73.970066	
40.632346,-74.034789	
40.63271917,-74.14642211	
40.632874,-73.95027	
40.632883,-74.095543	
40.633066,-73.994159	
40.633152,-74.022629	
40.635216,-74.106642	
40.63534,-73.997166	
40.63552029,-74.01669615	
40.63552029,-74.01669615	
40.635563,-73.90011	
40.635784,-74.009255	
40.635827,-74.08548	
40.635827,-74.08548	
40.63597,-74.007272	
40.63602442,-74.13477006	
40.636107,-74.13778	
40.636559,-74.078008	
40.636947,-73.917433	
40.636985,-73.990081	
40.637047,-73.958537	
40.637678,-74.016248	
40.63778217,-74.07694038	
40.637813,-74.079688	
40.638506,-73.930919	
40.63863,-74.011674	
40.638659,-74.022462	
40.6388651705916,-74.0227120876572	
40.639054,-73.941065	
40.639083,-74.075657	
40.639088,-73.995072	
40.639634,-73.91787	
40.639856,-73.997848	
40.639913,-73.882539	
40.640527,-73.947494	
40.640539,-73.909475	
40.640645,-73.945575	
40.640746,-74.076747	
40.640906,-74.014688	
40.640916,-73.904914	
40.641296,-73.955331	
40.642275,-73.945748	
40.642726,-74.078666	
40.642726,-74.078666	
40.642753,-74.021584	
40.64322,-74.075921	
40.6447209438691,-74.0770327198983	
40.6447209438691,-74.0770327198983	
40.6447209438691,-74.0770327198983	
40.6447209438691,-74.0770327198983	
40.6447209438691,-74.0770327198983	
40.6447209438691,-74.0770327198983	
40.644793,-74.005266	
40.644996,-74.077263	
40.644996,-74.077263	
40.644996,-74.077263	
40.644996,-74.077263	
40.644996,-74.077263	
40.644996,-74.077263	
40.644996,-74.077263	
40.645439,-73.928695	
40.645439,-73.928695	
40.645666,-73.995389	
40.645706,-74.000737	
40.64611538,-73.90477645	
40.646573,-74.019546	
40.646957,-74.020938	
40.647028,-73.982057	
40.647431,-73.958787	
40.647944,-73.960604	
40.6486135510607,-73.9052572032302	
40.6486135510607,-73.9052572032302	
40.6486135510607,-73.9052572032302	
40.6486135510607,-73.9052572032302	
40.648698,-73.905128	
40.648698,-73.905128	
40.648744,-74.006532	
40.6488507469884,-73.951016510623	
40.6488507469884,-73.951016510623	
40.6488507469884,-73.951016510623	
40.6488507469884,-73.951016510623	
40.6488507469884,-73.951016510623	
40.6488507469884,-73.951016510623	
40.6488507469884,-73.951016510623	
40.6488507469884,-73.951016510623	
40.6488507469884,-73.951016510623	
40.6488507469884,-73.951016510623	
40.6488507469884,-73.951016510623	
40.6488507469884,-73.951016510623	
40.648859,-73.95082	
40.648859,-73.95082	
40.64911949,-73.83738647	
40.649145,-73.930103	
40.650449,-73.938956	
40.650459,-73.957267	
40.650588,-73.89063	
40.65061,-73.936082	
40.65118,-73.901284	
40.651185,-73.963899	
40.651412,-73.875681	
40.651412,-73.875681	
40.651851,-73.962214	
40.651946,-74.005036	
40.651991,-73.96323	
40.652058,-73.928934	
40.6523922,-73.92654574	
40.65262684,-74.00616265	
40.652716,-73.9315	
40.653429,-74.010515	
40.653799,-74.006588	
40.654033,-73.939342	
40.654033,-73.939342	
40.654476,-73.961821	
40.654476,-73.961821	
40.654754,-74.007225	
40.654754,-74.007225	
40.65488239,-73.96188035	
40.655111,-73.961289	
40.655755,-73.958125	
40.655857,-73.942878	
40.656859,-73.727989	
40.656898,-73.88509	
40.656915,-73.939645	
40.657037,-73.915572	
40.657037,-73.915572	
40.65710922,-74.00151013	
40.657332,-73.91727043	
40.657656,-73.947393	
40.657688,-73.940965	
40.657949,-74.000634	
40.657949,-74.000634	
40.6581577535544,-74.0004411548878	
40.6581577535544,-74.0004411548878	
40.6581577535544,-74.0004411548878	
40.6581577535544,-74.0004411548878	
40.6581577535544,-74.0004411548878	
40.6581577535544,-74.0004411548878	
40.6581577535544,-74.0004411548878	
40.658286,-73.905419	
40.65841,-73.954979	
40.658595,-74.003231	
40.658671,-73.91739	
40.658983,-73.900725	
40.659355,-73.990115	
40.659613,-73.958679	
40.659613,-73.958679	
40.659613,-73.958679	
40.659687,-73.906731	
40.659801,-73.922144	
40.659859,-73.885184	
40.66007428,-73.9397326	
40.660178,-73.893985	
40.660189,-74.003474	
40.660264,-73.985581	
40.660524,-73.917156	
40.660583,-73.883505	
40.660583,-73.883505	
40.66077022,-73.91974234	
40.661088,-73.919703	
40.66112182,-73.92012759	
40.661319,-73.836995	
40.661387,-73.918903	
40.661804,-73.991154	
40.661934,-73.921029	
40.661934,-73.921029	
40.662066,-73.917551	
40.662181,-73.843077	
40.662181,-73.843077	
40.662486,-73.935904	
40.662929,-73.855444	
40.663492,-73.926872	
40.663492,-73.926872	
40.663492,-73.926872	
40.663492,-73.926872	
40.663492,-73.926872	
40.663892,-73.765967	
40.664121282631,-73.9477648403751	
40.664121282631,-73.9477648403751	
40.664121282631,-73.9477648403751	
40.664121282631,-73.9477648403751	
40.664154,-73.946814	
40.664154,-73.946814	
40.664154,-73.946814	
40.664154,-73.946814	
40.664154,-73.946814	
40.664185,-73.926408	
40.66419358,-73.84111644	
40.66434331,-73.93153926	
40.664419,-73.932923	
40.664419,-73.932923	
40.664419,-73.932923	
40.6646598,-73.90557902	
40.664871,-73.941229	
40.665017,-73.95711	
40.66520076,-73.87940545	
40.665295,-73.926887	
40.665378,-73.961367	
40.665827,-73.902996	
40.665827,-73.902996	
40.665827,-73.902996	
40.66588105,-73.80183654	
40.66589,-73.957745	
40.666038,-73.906938	
40.666739,-73.920732	
40.66725,-73.882583	
40.66725,-73.882583	
40.667351,-73.898092	
40.66736,-73.903382	
40.667398,-73.835175	
40.668207,-73.88156	
40.668353,-73.947858	
40.668426,-73.874234	
40.668888,-73.89848	
40.66917172,-73.98630542	
40.669416,-73.962029	
40.669479,-73.943579	
40.669873,-73.942151	
40.67004161,-73.93656936	
40.670507,-73.929566	
40.67062651,-73.89554183	
40.671104,-73.913562	
40.671104,-73.913562	
40.6711300016904,-73.9135020552048	
40.6711300016904,-73.9135020552048	
40.6711300016904,-73.9135020552048	
40.6711300016904,-73.9135020552048	
40.6711300016904,-73.9135020552048	
40.6711300016904,-73.9135020552048	
40.6711300016904,-73.9135020552048	
40.67125,-73.842962	
40.6713598203364,-73.8818110231735	
40.6713598203364,-73.8818110231735	
40.6713598203364,-73.8818110231735	
40.6713598203364,-73.8818110231735	
40.6713598203364,-73.8818110231735	
40.6713598203364,-73.8818110231735	
40.6713598203364,-73.8818110231735	
40.6713598203364,-73.8818110231735	
40.6713598203364,-73.8818110231735	
40.6713598203364,-73.8818110231735	
40.6713598203364,-73.8818110231735	
40.6713598203364,-73.8818110231735	
40.6713598203364,-73.8818110231735	
40.671404,-73.881509	
40.671404,-73.881509	
40.671404,-73.881509	
40.671404,-73.881509	
40.671404,-73.881509	
40.671516,-73.9112	
40.671615,-73.925287	
40.671732,-73.763374	
40.672438,-73.797063	
40.672438,-73.797063	
40.67244,-73.810134	
40.672565,-73.910177	
40.67279426,-73.96920264	
40.672811,-73.930746	
40.673181,-73.929313	
40.673181,-73.929313	
40.673356,-73.818043	
40.6733926,-73.79047282	
40.673438,-73.820977	
40.67369,-73.905925	
40.673751,-73.887775	
40.673782,-73.802691	
40.673917,-73.891091	
40.673917,-73.891091	
40.6744956865259,-73.9305713255961	
40.6744956865259,-73.9305713255961	
40.6744956865259,-73.9305713255961	
40.6744956865259,-73.9305713255961	
40.6744956865259,-73.9305713255961	
40.6744956865259,-73.9305713255961	
40.6744956865259,-73.9305713255961	
40.6744956865259,-73.9305713255961	
40.6744956865259,-73.9305713255961	
40.6744956865259,-73.9305713255961	
40.6744956865259,-73.9305713255961	
40.6744956865259,-73.9305713255961	
40.6744956865259,-73.9305713255961	
40.6744956865259,-73.9305713255961	
40.6744956865259,-73.9305713255961	
40.674593,-73.930572	
40.674593,-73.930572	
40.674593,-73.930572	
40.674593,-73.930572	
40.674593,-73.930572	
40.674593,-73.930572	
40.674593,-73.930572	
40.674593,-73.930572	
40.674593,-73.930572	
40.674593,-73.930572	
40.674593,-73.930572	
40.674616,-74.003983	
40.674815,-73.779049	
40.674923,-73.963206	
40.675155,-73.878195	
40.675206,-73.796689	
40.675515,-73.924913	
40.67598376,-73.90437689	
40.67598376,-73.90437689	
40.676003,-73.867763	
40.676032,-73.941572	
40.67612097,-73.93599757	
40.676134,-73.81922626	
40.676619,-73.81842	
40.676991,-73.839912	
40.677251,-73.826039	
40.677251,-73.826039	
40.677251,-73.826039	
40.677251,-73.826039	
40.67729208,-73.74392778	
40.677597,-73.828216	
40.677597,-73.828216	
40.677597,-73.828216	
40.677597,-73.828216	
40.678238,-73.945535	
40.678378,-73.838732	
40.678654,-73.952525	
40.67869336,-74.01352708	
40.678802,-73.799267	
40.678925,-73.759252	
40.679481,-73.753709	
40.679804,-73.96809	
40.679888,-73.96651	
40.6799807384666,-73.7762339071953	
40.6799807384666,-73.7762339071953	
40.6799807384666,-73.7762339071953	
40.6799807384666,-73.7762339071953	
40.6799807384666,-73.7762339071953	
40.6799807384666,-73.7762339071953	
40.6799807384666,-73.7762339071953	
40.6799807384666,-73.7762339071953	
40.6799807384666,-73.7762339071953	
40.6799807384666,-73.7762339071953	
40.6799807384666,-73.7762339071953	
40.6799807384666,-73.7762339071953	
40.6799807384666,-73.7762339071953	
40.6799807384666,-73.7762339071953	
40.6799807384666,-73.7762339071953	
40.6799807384666,-73.7762339071953	
40.6799807384666,-73.7762339071953	
40.6799807384666,-73.7762339071953	
40.6799807384666,-73.7762339071953	
40.6799807384666,-73.7762339071953	
40.6799807384666,-73.7762339071953	
40.680071,-73.872238	
40.680077,-73.775929	
40.680077,-73.775929	
40.680077,-73.775929	
40.680077,-73.775929	
40.680077,-73.775929	
40.680077,-73.775929	
40.680138,-73.953825	
40.68057934,-73.97431601	
40.6807856126343,-73.9744751162161	
40.6807856126343,-73.9744751162161	
40.68105,-73.834987	
40.681119,-73.974365	
40.681119,-73.974365	
40.681286,-73.865884	
40.681365,-73.921073	
40.681394,-73.829494	
40.681497,-73.792388	
40.681724,-73.904503	
40.682178,-73.988064	
40.682398279333,-73.8400721577516	
40.682398279333,-73.8400721577516	
40.682398279333,-73.8400721577516	
40.682398279333,-73.8400721577516	
40.682398279333,-73.8400721577516	
40.682398279333,-73.8400721577516	
40.682398279333,-73.8400721577516	
40.682398279333,-73.8400721577516	
40.682398279333,-73.8400721577516	
40.6827,-73.963154	
40.682795,-73.865161	
40.682855,-73.960251	
40.683233,-73.873652	
40.6834,-73.856602	
40.683691,-74.000504	
40.683934,-73.812919	
40.684136,-73.94262	
40.684184,-73.828846	
40.684454,-73.97775	
40.684454,-73.97775	
40.685201,-73.809457	
40.685374,-73.957913	
40.685705,-73.981681	
40.686095,-73.84473	
40.686742,-74.001873	
40.687121,-73.949243	
40.687206,-73.817971	
40.687392,-73.940368	
40.687504,-73.919835	
40.687624,-73.925328	
40.687724,-73.937489	
40.68804208,-73.83274462	
40.688073,-73.917596	
40.688575,-73.916523	
40.688671,-73.977719	
40.688736,-73.944984	
40.688736,-73.944984	
40.688736,-73.944984	
40.688736,-73.944984	
40.688883,-73.817347	
40.68900139556,-73.9450265328727	
40.68900139556,-73.9450265328727	
40.689041,-73.958614	
40.689041,-73.958614	
40.689041,-73.958614	
40.689265,-73.943639	
40.6894642952604,-73.9240290899499	
40.6894642952604,-73.9240290899499	
40.689527,-73.916175	
40.689614,-73.960148	
40.689614,-73.960148	
40.68963,-73.786908	
40.68964,-73.924051	
40.689861,-73.795681	
40.689897,-73.98642	
40.689942,-73.852683	
40.689954,-73.916924	
40.690115,-73.989019	
40.6902236041959,-73.9602785860011	
40.6902236041959,-73.9602785860011	
40.690427,-73.984768	
40.690427,-73.984768	
40.690427,-73.984768	
40.69056159,-73.98510385	
40.69056159,-73.98510385	
40.690586,-73.923968	
40.690734,-73.92762	
40.690856,-73.735274	
40.690856,-73.735274	
40.690856,-73.735274	
40.690859,-73.985848	
40.690859,-73.985848	
40.690859,-73.985848	
40.690859,-73.985848	
40.690859,-73.985848	
40.690859,-73.985848	
40.690983,-73.782879	
40.691005,-73.983456	
40.691005,-73.983456	
40.69119383,-73.9977679	
40.691443,-73.854612	
40.691812,-73.908072	
40.692198,-73.927912	
40.692198,-73.927912	
40.692357,-73.989834	
40.69305,-73.940044	
40.693394,-73.919406	
40.693462,-73.987241	
40.693462,-73.987241	
40.69352521,-73.9521939	
40.693797,-73.799038	
40.69396,-73.977929	
40.694512,-73.97113	
40.69454526,-73.80211196	
40.694585,-73.793473	
40.694783,-73.926243	
40.694988,-73.778267	
40.695404,-73.983239	
40.695404,-73.983239	
40.695404,-73.983239	
40.695404,-73.983239	
40.695404,-73.983239	
40.695404,-73.983239	
40.6954388081238,-73.9832253756043	
40.6954388081238,-73.9832253756043	
40.6954388081238,-73.9832253756043	
40.695448,-73.751632	
40.695613,-73.904104	
40.695783,-73.939093	
40.69585728,-73.80053214	
40.69585728,-73.80053214	
40.696049,-73.835722	
40.696416,-73.765525	
40.696613,-73.847138	
40.69718,-73.921547	
40.697828,-73.795844	
40.697883,-73.989934	
40.698304,-73.953147	
40.698304,-73.953147	
40.698304,-73.953147	
40.698309,-73.842646	
40.698323,-73.917495	
40.698323,-73.917495	
40.69843,-73.831128	
40.69843,-73.831128	
40.6984738177025,-73.917768981221	
40.6984738177025,-73.917768981221	
40.6984738177025,-73.917768981221	
40.6984738177025,-73.917768981221	
40.6984738177025,-73.917768981221	
40.69901649,-73.80695652	
40.69932415739,-73.831570887672	
40.69932415739,-73.831570887672	
40.69932415739,-73.831570887672	
40.69932415739,-73.831570887672	
40.69932415739,-73.831570887672	
40.69932415739,-73.831570887672	
40.69932415739,-73.831570887672	
40.69943865,-73.9122882	
40.699735,-73.911422	
40.700461,-73.921255	
40.700492,-73.911244	
40.700869,-73.915583	
40.701007,-73.733898	
40.701484,-73.827603	
40.701484,-73.827603	
40.701484,-73.827603	
40.70165937,-73.9920656	
40.70176563,-73.80792594	
40.701808,-73.907526	
40.70181387,-73.80887433	
40.702216,-73.932418	
40.702396,-73.808183	
40.70244443,-73.81686112	
40.702531,-73.903221	
40.702573,-73.772176	
40.702697,-73.809284	
40.702974,-73.943356	
40.703241,-73.944274	
40.703241,-73.944274	
40.703425,-73.808614	
40.70399,-73.939746	
40.70399,-73.939746	
40.70399,-73.939746	
40.704213,-73.914578	
40.7043282,-73.79770439	
40.7044350296655,-73.8937807141634	
40.7044350296655,-73.8937807141634	
40.7044350296655,-73.8937807141634	
40.7044350296655,-73.8937807141634	
40.7044350296655,-73.8937807141634	
40.704511,-73.89347	
40.704511,-73.89347	
40.704511,-73.89347	
40.704776,-73.963383	
40.70498201,-73.95253193	
40.70514808,-73.79568935	
40.705227,-73.828953	
40.705386,-73.905062	
40.705511,-74.005136	
40.70586935,-74.01325487	
40.705981,-73.77403	
40.706283,-73.950348	
40.706283,-73.950348	
40.706283,-73.950348	
40.706283,-73.950348	
40.706283,-73.950348	
40.706325,-73.739422	
40.706333,-73.773195	
40.70638025,-74.00950391	
40.7065483947783,-73.9504006335643	
40.7065483947783,-73.9504006335643	
40.7065483947783,-73.9504006335643	
40.7065483947783,-73.9504006335643	
40.7065483947783,-73.9504006335643	
40.706647,-73.754276	
40.707037,-73.786393	
40.70722033,-73.78956938	
40.7072398161698,-73.7927267255908	
40.7072398161698,-73.7927267255908	
40.7072398161698,-73.7927267255908	
40.7072398161698,-73.7927267255908	
40.7072398161698,-73.7927267255908	
40.707391,-73.817415	
40.707391,-73.817415	
40.707439,-73.792139	
40.707439,-73.792139	
40.707439,-73.792139	
40.707439,-73.792139	
40.707439,-73.792139	
40.707439,-73.792139	
40.70765496,-73.93983746	
40.708168,-74.00882	
40.708443,-73.939411	
40.708666,-73.958578	
40.70871,-73.755727	
40.70871,-73.755727	
40.70871,-73.755727	
40.70877,-73.793502	
40.709146,-73.790899	
40.709248,-73.953577	
40.709248,-73.953577	
40.709489,-73.996139	
40.709537,-73.737833	
40.709713,-73.816728	
40.70999,-73.897682	
40.70999,-73.897682	
40.710001,-73.750344	
40.71001285,-73.7947294	
40.71069,-73.783107	
40.711144,-73.958768	
40.71157,-73.76819	
40.711622,-73.985798	
40.711829,-73.99919	
40.711829,-73.99919	
40.711829,-73.99919	
40.711925,-73.998224	
40.712206,-73.825952	
40.712206,-73.825952	
40.712206,-73.825952	
40.712264,-73.979843	
40.712264,-73.979843	
40.712264,-73.979843	
40.712772,-73.827261	
40.712794,-74.007445	
40.71281806,-73.90376855	
40.712882,-73.980783	
40.712882,-73.980783	
40.712922,-73.747221	
40.7132559,-74.00925599	
40.71359,-74.001412	
40.713797,-73.993334	
40.713859,-73.830768	
40.714128,-73.996141	
40.714128,-73.996141	
40.714374,-73.776655	
40.714374,-73.776655	
40.714374,-73.776655	
40.714862,-74.003154	
40.714862,-74.003154	
40.714862,-74.003154	
40.714862,-74.003154	
40.715452,-74.001899	
40.715452,-74.001899	
40.715518,-74.001236	
40.715518,-74.001236	
40.715518,-74.001236	
40.715518,-74.001236	
40.715518,-74.001236	
40.715518,-74.001236	
40.715518,-74.001236	
40.715518,-74.001236	
40.715518,-74.001236	
40.715518,-74.001236	
40.715518,-74.001236	
40.715829,-73.805398	
40.715949,-73.997351	
40.715949,-73.997351	
40.7160120119955,-73.9973320301008	
40.7160120119955,-73.9973320301008	
40.7160120119955,-73.9973320301008	
40.7160120119955,-73.9973320301008	
40.7160120119955,-73.9973320301008	
40.7160120119955,-73.9973320301008	
40.7160120119955,-73.9973320301008	
40.7160120119955,-73.9973320301008	
40.71619866,-74.00013707	
40.716223,-73.998127	
40.716276,-73.832058	
40.7163099917327,-73.9831660136947	
40.7163099917327,-73.9831660136947	
40.7163099917327,-73.9831660136947	
40.7163099917327,-73.9831660136947	
40.7163099917327,-73.9831660136947	
40.7163099917327,-73.9831660136947	
40.716337,-74.001251	
40.716337,-74.001251	
40.716337,-74.001251	
40.716517,-73.983411	
40.716726,-73.940176	
40.71686,-73.980359	
40.71686,-73.980359	
40.716901,-73.861101	
40.71702,-73.766178	
40.71702,-73.766178	
40.71709893,-73.99858951	
40.717165,-73.881749	
40.718174,-73.995976	
40.71851549,-73.7563811	
40.71863,-73.841073	
40.718875,-73.982204	
40.71904767,-73.99647909	
40.719244,-73.960731	
40.71939629,-74.00188311	
40.71965,-74.002242	
40.719667,-74.001654	
40.719667,-74.001654	
40.719695,-73.791846	
40.719993,-74.000245	
40.720084,-73.981619	
40.7204418884676,-74.0067439741913	
40.7204418884676,-74.0067439741913	
40.7204418884676,-74.0067439741913	
40.720528,-74.007582	
40.720528,-74.007582	
40.720528,-74.007582	
40.720528,-74.007582	
40.720528,-74.007582	
40.720528,-74.007582	
40.720528,-74.007582	
40.720528,-74.007582	
40.720554,-73.998628	
40.720763,-73.846429	
40.720902,-73.943246	
40.721285,-73.993662	
40.72145346,-73.84397787	
40.72174,-73.867845	
40.72174,-73.867845	
40.721892,-73.730696	
40.721971,-73.849715	
40.722046,-73.975828	
40.722184,-73.900429	
40.722291,-73.988894	
40.72246971,-73.98713505	
40.7226409964758,-73.8515418216779	
40.7226409964758,-73.8515418216779	
40.7226409964758,-73.8515418216779	
40.7226409964758,-73.8515418216779	
40.7226409964758,-73.8515418216779	
40.7226409964758,-73.8515418216779	
40.7226409964758,-73.8515418216779	
40.7226409964758,-73.8515418216779	
40.7226409964758,-73.8515418216779	
40.7226409964758,-73.8515418216779	
40.7226409964758,-73.8515418216779	
40.7226409964758,-73.8515418216779	
40.7226409964758,-73.8515418216779	
40.7226409964758,-73.8515418216779	
40.7226409964758,-73.8515418216779	
40.723629,-73.84872	
40.723629,-73.84872	
40.724325,-73.737001	
40.724577,-73.980035	
40.724803,-73.939601	
40.724993,-73.978195	
40.725078,-73.98868	
40.725201,-73.878784	
40.72543564,-73.95173807	
40.725578,-73.951305	
40.725578,-73.951305	
40.725987,-73.990832	
40.72605391,-73.98353371	
40.726073,-73.858345	
40.726278,-73.987794	
40.726278,-73.987794	
40.726278,-73.987794	
40.726278,-73.987794	
40.726278,-73.987794	
40.726278,-73.987794	
40.726284,-73.73476	
40.726284,-73.73476	
40.726284,-73.73476	
40.726284,-73.73476	
40.726284,-73.73476	
40.7265156408036,-73.9882902437563	
40.7265156408036,-73.9882902437563	
40.7265156408036,-73.9882902437563	
40.7265156408036,-73.9882902437563	
40.7265156408036,-73.9882902437563	
40.7265156408036,-73.9882902437563	
40.7265156408036,-73.9882902437563	
40.7265293769835,-73.7348645378882	
40.7265293769835,-73.7348645378882	
40.7265293769835,-73.7348645378882	
40.7265293769835,-73.7348645378882	
40.7265293769835,-73.7348645378882	
40.7265293769835,-73.7348645378882	
40.7265293769835,-73.7348645378882	
40.7265293769835,-73.7348645378882	
40.7265293769835,-73.7348645378882	
40.726956,-73.953115	
40.726956,-73.953115	
40.726956,-73.953115	
40.7270006940205,-73.9529831112437	
40.727009,-73.805997	
40.727501,-73.997805	
40.72816,-73.870376	
40.728473,-73.984645	
40.728583,-73.867389	
40.728777,-73.868616	
40.728865,-73.992291	
40.729059,-73.811018	
40.729059,-73.811018	
40.729059,-73.811018	
40.72924,-73.815189	
40.729273,-73.98562	
40.729829,-73.993051	
40.7301130668694,-73.8109089148815	
40.7301130668694,-73.8109089148815	
40.7301130668694,-73.8109089148815	
40.7301130668694,-73.8109089148815	
40.7301130668694,-73.8109089148815	
40.7301130668694,-73.8109089148815	
40.73019345,-73.77757568	
40.73043,-73.806653	
40.730446,-73.805675	
40.73069,-73.854587	
40.731604,-74.003219	
40.73170654,-74.00095616	
40.732572,-73.999339	
40.732869,-73.860332	
40.732914,-73.981276	
40.73303159,-73.95472741	
40.733209,-73.736033	
40.733277,-73.851054	
40.733277,-73.851054	
40.733571,-73.981925	
40.733647,-73.983995	
40.733647,-73.983995	
40.733729,-73.871197	
40.733729,-73.871197	
40.733729,-73.871197	
40.733729,-73.871197	
40.733876,-74.005428	
40.733876,-74.005428	
40.733876,-74.005428	
40.733876,-74.005428	
40.733876,-74.005428	
40.733876,-74.005428	
40.7338967584511,-74.0053958373447	
40.73429636,-73.85030565	
40.734315,-73.985492	
40.734478,-73.868013	
40.734478,-73.868013	
40.734681,-73.810626	
40.734845,-73.880813	
40.735002,-73.956741	
40.73506885,-74.00197015	
40.735116,-73.861747	
40.735514,-73.955132	
40.735514,-73.955132	
40.735514,-73.955132	
40.735938,-73.890148	
40.735973,-73.954083	
40.736489,-74.001522	
40.736491,-73.983387	
40.736524,-73.789659	
40.737074,-73.982962	
40.737074,-73.982962	
40.737074,-73.982962	
40.737074,-73.982962	
40.737074,-73.982962	
40.737074,-73.982962	
40.737074,-73.982962	
40.737074,-73.982962	
40.737074,-73.982962	
40.737117,-74.001799	
40.7372030985741,-73.9832725981497	
40.7372030985741,-73.9832725981497	
40.7372030985741,-73.9832725981497	
40.7372030985741,-73.9832725981497	
40.737293,-73.86361	
40.737293,-73.86361	
40.737624,-73.99244	
40.737734,-73.812344	
40.738144,-74.008902	
40.738164,-73.860752	
40.738209,-73.999934	
40.738209,-73.999934	
40.738371,-73.875373	
40.738796,-73.991586	
40.739873,-73.863191	
40.740029,-73.786296	
40.740151,-73.994805	
40.740151,-73.994805	
40.740151,-73.994805	
40.740151,-73.994805	
40.740221,-73.948764	
40.740708,-73.978847	
40.740817,-73.974259	
40.740817,-73.974259	
40.74095074,-74.00536248	
40.741044,-74.007725	
40.741451,-73.884338	
40.741498,-73.979737	
40.741498,-73.979737	
40.741498,-73.979737	
40.741569,-73.880641	
40.741571,-73.905037	
40.74162246,-73.95421274	
40.74223522,-73.99329135	
40.74223522,-73.99329135	
40.742241,-73.998854	
40.742329,-73.911493	
40.742416,-73.791458	
40.742553,-73.852189	
40.742827,-73.998428	
40.742827,-73.998428	
40.742954,-73.955274	
40.742954,-73.955274	
40.743073,-73.95399	
40.7431245994984,-73.9560680726795	
40.7431245994984,-73.9560680726795	
40.7431245994984,-73.9560680726795	
40.743326,-73.881148	
40.743413,-73.989083	
40.7434812638841,-73.8740035373971	
40.7434812638841,-73.8740035373971	
40.7434812638841,-73.8740035373971	
40.7434812638841,-73.8740035373971	
40.7434812638841,-73.8740035373971	
40.7434812638841,-73.8740035373971	
40.7434812638841,-73.8740035373971	
40.7434812638841,-73.8740035373971	
40.7434812638841,-73.8740035373971	
40.7434812638841,-73.8740035373971	
40.7434812638841,-73.8740035373971	
40.7434812638841,-73.8740035373971	
40.7434812638841,-73.8740035373971	
40.7434812638841,-73.8740035373971	
40.7434812638841,-73.8740035373971	
40.743612,-73.887542	
40.743682,-74.007082	
40.74406551,-73.98774799	
40.744252,-73.9834	
40.744374,-73.987522	
40.744981,-73.870144	
40.744981,-73.870144	
40.745027,-73.954575	
40.745375,-73.97235	
40.745746,-73.885952	
40.746084,-73.913838	
40.746192,-73.914767	
40.74664168,-73.89139142	
40.747036,-73.987127	
40.747434,-73.826093	
40.747514,-73.996873	
40.747564,-73.87421	
40.74776883,-74.00039699	
40.748031,-73.896657	
40.748042,-73.971962	
40.74843794,-73.87625202	
40.748571,-73.875031	
40.748807,-73.902963	
40.74915777,-73.86942584	
40.74915777,-73.86942584	
40.74937,-73.997406	
40.749404,-73.991784	
40.749404,-73.991784	
40.749772,-74.001226	
40.749891,-73.711981	
40.749982,-73.995071	
40.750012,-73.991337	
40.750423,-73.98928	
40.750423,-73.98928	
40.750423,-73.98928	
40.750423,-73.98928	
40.750423,-73.98928	
40.750423,-73.98928	
40.750423,-73.98928	
40.750423,-73.98928	
40.750423,-73.98928	
40.750466,-73.97676	
40.750466,-73.97676	
40.75066114,-73.98777926	
40.75089,-73.996262	
40.750987,-73.901542	
40.75099078,-73.99062326	
40.75152348,-73.9939473	
40.751591,-73.992043	
40.751789,-73.987568	
40.751987,-73.856044	
40.752003,-73.935872	
40.752102,-73.872425	
40.75222,-73.971924	
40.752232,-73.880498	
40.752856,-73.825899	
40.752877,-73.991111	
40.752951,-74.004048	
40.75307121,-73.79237698	
40.753141,-73.980087	
40.75315,-73.911622	
40.75315,-73.911622	
40.753455,-73.994398	
40.753455,-73.994398	
40.753455,-73.994398	
40.753455,-73.994398	
40.753455,-73.994398	
40.753455,-73.994398	
40.753455,-73.994398	
40.753455,-73.994398	
40.7535327012632,-73.9945368920152	
40.7535327012632,-73.9945368920152	
40.7535327012632,-73.9945368920152	
40.7535327012632,-73.9945368920152	
40.7535327012632,-73.9945368920152	
40.7535327012632,-73.9945368920152	
40.7535327012632,-73.9945368920152	
40.7535327012632,-73.9945368920152	
40.7535327012632,-73.9945368920152	
40.7535327012632,-73.9945368920152	
40.7535327012632,-73.9945368920152	
40.7535327012632,-73.9945368920152	
40.75354,-73.877422	
40.753755,-73.826326	
40.754074,-73.881781	
40.75455885,-73.72318698	
40.75487417,-73.74816299	
40.754926,-73.910388	
40.754981,-73.844435	
40.7552,-73.822133	
40.7552,-73.822133	
40.75535,-73.989309	
40.755421,-73.986522	
40.755739,-73.814205	
40.75595054,-73.99072724	
40.75595054,-73.99072724	
40.756032,-73.828536	
40.756032,-73.828536	
40.756039,-73.984865	
40.756069,-73.964556	
40.756214,-73.907231	
40.756259,-73.990501	
40.756259,-73.990501	
40.756259,-73.990501	
40.756259,-73.990501	
40.756259,-73.990501	
40.7565675846374,-73.8759315341335	
40.7565675846374,-73.8759315341335	
40.7565675846374,-73.8759315341335	
40.7565675846374,-73.8759315341335	
40.7565675846374,-73.8759315341335	
40.7565675846374,-73.8759315341335	
40.7565675846374,-73.8759315341335	
40.7565675846374,-73.8759315341335	
40.7565675846374,-73.8759315341335	
40.7565675846374,-73.8759315341335	
40.7565675846374,-73.8759315341335	
40.7565675846374,-73.8759315341335	
40.756585,-73.875603	
40.756585,-73.875603	
40.756585,-73.875603	
40.756585,-73.875603	
40.756585,-73.875603	
40.756635,-73.98837	
40.756729,-73.941036	
40.756729,-73.941036	
40.756789,-73.97111	
40.756789,-73.97111	
40.756789,-73.97111	
40.756789,-73.97111	
40.756789,-73.97111	
40.756789,-73.97111	
40.7568201683051,-73.9711432633524	
40.7568201683051,-73.9711432633524	
40.756881,-73.965514	
40.7569,-73.990034	
40.756983,-73.928329	
40.757002,-73.830242	
40.757098,-73.828963	
40.75723226,-73.98979219	
40.75723226,-73.98979219	
40.757308,-73.987878	
40.757338,-73.98018	
40.757338,-73.98018	
40.757451,-73.919132	
40.757674,-73.89333	
40.757674,-73.89333	
40.757691,-73.834115	
40.757691,-73.834115	
40.757691,-73.834115	
40.75769388,-73.86461919	
40.75770074,-73.9693944	
40.757829,-73.88436	
40.757831,-73.991212	
40.757831,-73.991212	
40.757831,-73.991212	
40.757831,-73.991212	
40.75790742,-73.98929757	
40.75792,-73.82418	
40.75822,-73.98907	
40.75822,-73.98907	
40.758225,-73.977428	
40.758225,-73.977428	
40.758225,-73.977428	
40.758225,-73.977428	
40.758312,-73.826871	
40.75846,-73.866738	
40.75853318,-73.98884266	
40.75853318,-73.98884266	
40.75853318,-73.98884266	
40.75853318,-73.98884266	
40.75853318,-73.98884266	
40.75853318,-73.98884266	
40.758756,-73.829738	
40.758756,-73.829738	
40.758758,-73.843584	
40.759324,-73.818962	
40.759476,-73.976517	
40.759759,-73.989811	
40.759759,-73.989811	
40.759759,-73.989811	
40.759861,-73.828967	
40.759861,-73.828967	
40.759861,-73.828967	
40.759861,-73.828967	
40.759861,-73.828967	
40.760148,-73.767422	
40.760148,-73.767422	
40.760148,-73.767422	
40.760148,-73.767422	
40.760148,-73.767422	
40.7603961392658,-73.7675025349456	
40.760454,-73.984674	
40.760518,-73.883426	
40.760614,-73.994755	
40.76079435,-73.98451058	
40.761241,-73.994297	
40.761269,-73.969942	
40.76142283,-73.98404839	
40.761718,-73.772016	
40.76171909,-73.98280655	
40.761811,-73.723694	
40.761865,-73.966355	
40.761865,-73.966355	
40.761865,-73.966355	
40.762017,-73.803381	
40.762037,-73.827328	
40.762037,-73.827328	
40.762037,-73.827328	
40.762037,-73.827328	
40.762037,-73.827328	
40.762037,-73.827328	
40.762037,-73.827328	
40.762037,-73.827328	
40.76226003,-73.75698278	
40.7623158004241,-73.8274480018593	
40.7623158004241,-73.8274480018593	
40.7623158004241,-73.8274480018593	
40.7623158004241,-73.8274480018593	
40.7623158004241,-73.8274480018593	
40.7623158004241,-73.8274480018593	
40.7623158004241,-73.8274480018593	
40.7623158004241,-73.8274480018593	
40.7623158004241,-73.8274480018593	
40.7623158004241,-73.8274480018593	
40.7623158004241,-73.8274480018593	
40.7623158004241,-73.8274480018593	
40.7623158004241,-73.8274480018593	
40.7623158004241,-73.8274480018593	
40.7623158004241,-73.8274480018593	
40.7623158004241,-73.8274480018593	
40.7623158004241,-73.8274480018593	
40.7623158004241,-73.8274480018593	
40.7623158004241,-73.8274480018593	
40.76234207,-73.98235155	
40.76234207,-73.98235155	
40.762526,-73.933339	
40.762621,-73.802262	
40.762892,-73.958111	
40.763405,-73.78655	
40.763405,-73.78655	
40.76354703,-73.96933756	
40.763854,-73.969113	
40.764002,-73.88596	
40.764478,-73.981598	
40.764533,-73.980754	
40.764686,-73.914346	
40.7650240788333,-73.9848359497083	
40.7650240788333,-73.9848359497083	
40.7650240788333,-73.9848359497083	
40.7650240788333,-73.9848359497083	
40.76539,-73.985702	
40.76539,-73.985702	
40.76539,-73.985702	
40.76539,-73.985702	
40.76553005,-73.99767154	
40.766275,-73.977655	
40.766653,-73.980631	
40.766761,-73.813179	
40.7669956423899,-73.9639223035387	
40.7669956423899,-73.9639223035387	
40.7669956423899,-73.9639223035387	
40.7669956423899,-73.9639223035387	
40.7669956423899,-73.9639223035387	
40.7669956423899,-73.9639223035387	
40.7669956423899,-73.9639223035387	
40.767415,-73.819586	
40.768081,-73.98239	
40.768694,-73.992578	
40.768694,-73.992578	
40.76889099,-73.98209349	
40.76895468,-73.86858917	
40.769441,-73.78364	
40.7694951184418,-73.9150241703895	
40.7694951184418,-73.9150241703895	
40.7694951184418,-73.9150241703895	
40.7694951184418,-73.9150241703895	
40.7694951184418,-73.9150241703895	
40.7694951184418,-73.9150241703895	
40.7694951184418,-73.9150241703895	
40.7694951184418,-73.9150241703895	
40.7694951184418,-73.9150241703895	
40.769511,-73.730516	
40.769552,-73.915361	
40.769552,-73.915361	
40.769552,-73.915361	
40.769552,-73.915361	
40.769552,-73.915361	
40.769552,-73.915361	
40.769754,-73.941044	
40.770157,-73.982129	
40.770157,-73.982129	
40.770157,-73.982129	
40.770157,-73.982129	
40.770157,-73.982129	
40.770157,-73.982129	
40.770182,-73.967644	
40.770891,-73.924208	
40.771704,-73.956247	
40.771717,-73.870883	
40.771984,-73.986467	
40.772386,-73.980636	
40.772749,-73.9035	
40.772858,-73.924465	
40.772915,-73.985785	
40.773025,-73.949243	
40.773239,-73.92624	
40.773785,-73.936279	
40.773785,-73.936279	
40.774764,-73.986295	
40.7751,-73.930458	
40.775129,-73.955214	
40.77700561,-73.96372768	
40.77734,-73.962429	
40.777754,-73.978546	
40.777995,-73.962999	
40.778403,-73.982087	
40.779954,-73.981612	
40.779962,-73.978789	
40.779962,-73.978789	
40.78169102,-73.82569564	
40.78169102,-73.82569564	
40.782817,-73.980642	
40.782971,-73.952	
40.7842519786623,-73.9748976664227	
40.7842519786623,-73.9748976664227	
40.7842519786623,-73.9748976664227	
40.784499,-73.97548	
40.784499,-73.97548	
40.784499,-73.97548	
40.784499,-73.97548	
40.784499,-73.97548	
40.784499,-73.97548	
40.784499,-73.97548	
40.784499,-73.97548	
40.785284,-73.914172	
40.786619,-73.979516	
40.786686,-73.975744	
40.78768562,-73.97501409	
40.78845,-73.939372	
40.788814,-73.942208	
40.788814,-73.942208	
40.789302,-73.973835	
40.789341,-73.947351	
40.789341,-73.947351	
40.7894632995555,-73.9476340039424	
40.7894632995555,-73.9476340039424	
40.7894632995555,-73.9476340039424	
40.7894632995555,-73.9476340039424	
40.7894632995555,-73.9476340039424	
40.7894632995555,-73.9476340039424	
40.789593,-73.929984	
40.789593,-73.929984	
40.789593,-73.929984	
40.789593,-73.929984	
40.789929,-73.973377	
40.790272,-73.97127	
40.790272,-73.97127	
40.790494,-73.815593	
40.791097,-73.943556	
40.791526,-73.970348	
40.791796,-73.972941	
40.791873,-73.968245	
40.793204,-73.84072	
40.793304,-73.822542	
40.79355734,-73.96701598	
40.793971,-73.938444	
40.79423675,-73.96282263	
40.794507,-73.966322	
40.794651,-73.97178272	
40.794651,-73.97178272	
40.794651,-73.97178272	
40.795572,-73.932295	
40.795642,-73.971057	
40.795642,-73.971057	
40.795739,-73.94268	
40.79600598,-73.93540919	
40.79605,-73.967052	
40.79605,-73.967052	
40.7960743128304,-73.9670667458109	
40.7960743128304,-73.9670667458109	
40.7960743128304,-73.9670667458109	
40.7960743128304,-73.9670667458109	
40.7960743128304,-73.9670667458109	
40.79793198,-73.93399151	
40.79794625,-73.94002313	
40.79824299,-73.95246182	
40.798275,-73.962667	
40.798286,-73.939772	
40.79862228,-73.94161894	
40.798963,-73.940324	
40.798963,-73.940324	
40.799045,-73.947642	
40.79930652,-73.94323283	
40.799422,-73.952433	
40.799522,-73.932838	
40.799522,-73.932838	
40.799593,-73.939858	
40.799593,-73.939858	
40.800099,-73.965958	
40.800251,-73.953426	
40.800269,-73.941469	
40.800293,-73.942503	
40.800293,-73.942503	
40.80050726,-73.9679733	
40.800652,-73.93653	
40.800652,-73.93653	
40.800896,-73.941011	
40.800896,-73.941011	
40.800896,-73.941011	
40.800896,-73.941011	
40.800896,-73.941011	
40.800913,-73.959064	
40.8009303727402,-73.9410982410066	
40.8009303727402,-73.9410982410066	
40.8009303727402,-73.9410982410066	
40.8009303727402,-73.9410982410066	
40.8009303727402,-73.9410982410066	
40.8009303727402,-73.9410982410066	
40.8009303727402,-73.9410982410066	
40.8009303727402,-73.9410982410066	
40.8009303727402,-73.9410982410066	
40.8009303727402,-73.9410982410066	
40.8009303727402,-73.9410982410066	
40.8009303727402,-73.9410982410066	
40.8009303727402,-73.9410982410066	
40.8009303727402,-73.9410982410066	
40.8009303727402,-73.9410982410066	
40.801105,-73.934685	
40.801143,-73.963338	
40.801344,-73.948071	
40.801483,-73.932942	
40.80202405,-73.9496815	
40.802415,-73.933819	
40.80255,-73.935186	
40.80256165,-73.94299166	
40.80333012,-73.94872694	
40.80336637,-73.90605411	
40.803887,-73.967894	
40.80389696,-73.95203517	
40.80389696,-73.95203517	
40.804008,-73.878333	
40.804708,-73.936127	
40.80515365,-73.95111316	
40.805411,-73.954645	
40.805411,-73.954645	
40.80574267,-73.94275414	
40.80574267,-73.94275414	
40.80574267,-73.94275414	
40.80601,-73.917685	
40.80612292,-73.91795243	
40.806195,-73.916003	
40.807094,-73.943873	
40.807094,-73.943873	
40.807184,-73.918356	
40.807184,-73.918356	
40.80718672,-73.9242798	
40.807255,-73.858022	
40.807255,-73.858022	
40.807354,-73.949509	
40.807354,-73.949509	
40.807435,-73.94573	
40.808372,-73.946904	
40.8084177460021,-73.9524740603515	
40.8084177460021,-73.9524740603515	
40.8084177460021,-73.9524740603515	
40.8084177460021,-73.9524740603515	
40.8084177460021,-73.9524740603515	
40.808506,-73.921466	
40.808506,-73.921466	
40.80855,-73.952355	
40.80855,-73.952355	
40.80855,-73.952355	
40.80855,-73.952355	
40.80878952,-73.9161827	
40.80897309,-73.94832523	
40.809678,-73.953426	
40.809678,-73.953426	
40.809678,-73.953426	
40.809831,-73.951415	
40.8103518634571,-73.924942325642	
40.8103518634571,-73.924942325642	
40.8103518634571,-73.924942325642	
40.8103518634571,-73.924942325642	
40.8103518634571,-73.924942325642	
40.8103518634571,-73.924942325642	
40.8103518634571,-73.924942325642	
40.8103518634571,-73.924942325642	
40.8103518634571,-73.924942325642	
40.8103518634571,-73.924942325642	
40.8103518634571,-73.924942325642	
40.8103518634571,-73.924942325642	
40.8103518634571,-73.924942325642	
40.810391,-73.924895	
40.810391,-73.924895	
40.810391,-73.924895	
40.810391,-73.924895	
40.810391,-73.924895	
40.810391,-73.924895	
40.810391,-73.924895	
40.810469,-73.951878	
40.810527,-73.954128	
40.81063,-73.943399	
40.811123,-73.936714	
40.81126,-73.922021	
40.811543,-73.944592	
40.811543,-73.944592	
40.811802,-73.938326	
40.811844,-73.902255	
40.812794,-73.943676	
40.81287,-73.909205	
40.812994,-73.935357	
40.813343,-73.946995	
40.81343816,-73.94134583	
40.81386,-73.956684	
40.813976,-73.861236	
40.81478,-73.957499	
40.8148034786258,-73.95628448405	
40.8148034786258,-73.95628448405	
40.814845,-73.956312	
40.814845,-73.956312	
40.814845,-73.956312	
40.814845,-73.956312	
40.814845,-73.956312	
40.814845,-73.956312	
40.814845,-73.956312	
40.814845,-73.956312	
40.814845,-73.956312	
40.814845,-73.956312	
40.814845,-73.956312	
40.814845,-73.956312	
40.815089,-73.940139	
40.815095,-73.92096	
40.815318,-73.915863	
40.815355,-73.924534	
40.815372,-73.887653	
40.815576,-73.865461	
40.815904,-73.945123	
40.815904,-73.945123	
40.81591307653,-73.9451493066481	
40.81591307653,-73.9451493066481	
40.81591307653,-73.9451493066481	
40.81591307653,-73.9451493066481	
40.81591307653,-73.9451493066481	
40.816034,-73.895748	
40.816035,-73.916225	
40.81606683,-73.91764392	
40.8162058439227,-73.8960011932583	
40.8162058439227,-73.8960011932583	
40.8162058439227,-73.8960011932583	
40.8162058439227,-73.8960011932583	
40.816328,-73.918668	
40.816344,-73.939224	
40.816395,-73.859908	
40.81698,-73.953637	
40.81698,-73.953637	
40.81698,-73.953637	
40.8176,-73.919079	
40.817775,-73.865973	
40.817876,-73.939965	
40.81815,-73.903538	
40.8187571,-73.95977049	
40.818833,-73.905953	
40.819104,-73.847374	
40.819249,-73.913775	
40.819456,-73.936951	
40.819465,-73.864108	
40.819762,-73.95532	
40.820137,-73.892278	
40.820585,-73.891149	
40.821282,-73.807301	
40.821493,-73.878944	
40.821797,-73.943457	
40.821858,-73.897371	
40.8220716,-73.94992287	
40.822076,-73.890328	
40.8222710411331,-73.911697780277	
40.8222710411331,-73.911697780277	
40.8222710411331,-73.911697780277	
40.8222710411331,-73.911697780277	
40.8222710411331,-73.911697780277	
40.8222710411331,-73.911697780277	
40.8222710411331,-73.911697780277	
40.8222710411331,-73.911697780277	
40.8222710411331,-73.911697780277	
40.8222710411331,-73.911697780277	
40.8222710411331,-73.911697780277	
40.822355,-73.911463	
40.822355,-73.911463	
40.822622,-73.930942	
40.822622,-73.930942	
40.822622,-73.930942	
40.822622,-73.930942	
40.822622,-73.930942	
40.822647,-73.945417	
40.822647,-73.945417	
40.822763,-73.907087	
40.822795,-73.900325	
40.8229123084767,-73.8700413043181	
40.8229123084767,-73.8700413043181	
40.8229123084767,-73.8700413043181	
40.8229123084767,-73.8700413043181	
40.8229123084767,-73.8700413043181	
40.8229123084767,-73.8700413043181	
40.822916,-73.912005	
40.82307,-73.828092	
40.823459,-73.906239	
40.823492,-73.858616	
40.823621,-73.909851	
40.823621,-73.909851	
40.823621,-73.909851	
40.823621,-73.909851	
40.823621,-73.909851	
40.823621,-73.909851	
40.823694,-73.953796	
40.823694,-73.953796	
40.82384786,-73.89685859	
40.82403172,-73.94475817	
40.824497,-73.937005	
40.82450973,-73.95185049	
40.824719,-73.918931	
40.824719,-73.918931	
40.824739,-73.898854	
40.824844,-73.903069	
40.825061,-73.905015	
40.825131,-73.913339	
40.82516,-73.949519	
40.825181,-73.876469	
40.825234,-73.94269	
40.825463,-73.89294	
40.825832,-73.857802	
40.825832,-73.857802	
40.825869,-73.919357	
40.826093,-73.950695	
40.826275,-73.920705	
40.826275,-73.920705	
40.826275,-73.920705	
40.826743,-73.952273	
40.826978,-73.854621	
40.827106,-73.880736	
40.827359,-73.906858	
40.827359,-73.906858	
40.827515,-73.826999	
40.827539,-73.937458	
40.827607,-73.908945	
40.827607,-73.908945	
40.827688,-73.894482	
40.82781161,-73.92592932	
40.82806,-73.839493	
40.82806,-73.839493	
40.828063,-73.901495	
40.828238,-73.87036	
40.8286232400477,-73.9438488369889	
40.8286232400477,-73.9438488369889	
40.8286232400477,-73.9438488369889	
40.828666,-73.943989	
40.828666,-73.943989	
40.828666,-73.943989	
40.828666,-73.943989	
40.828666,-73.943989	
40.828666,-73.943989	
40.828682,-73.908354	
40.828913,-73.924719	
40.828999,-73.946717	
40.82950189,-73.87460889	
40.83002685,-73.87275417	
40.8307223277672,-73.8271260588639	
40.8307223277672,-73.8271260588639	
40.8307223277672,-73.8271260588639	
40.8307223277672,-73.8271260588639	
40.830792,-73.826946	
40.830792,-73.826946	
40.830874,-73.858863	
40.83176412,-73.87514305	
40.831875,-73.91545	
40.832218,-73.906377	
40.832477,-73.904233	
40.832525,-73.919464	
40.832577,-73.877242	
40.832762,-73.876331	
40.833231,-73.890222	
40.833293,-73.941115	
40.833784,-73.851532	
40.833928,-73.929797	
40.833979,-73.886603	
40.833979,-73.886603	
40.834006,-73.925855	
40.834044,-73.927395	
40.834044,-73.927395	
40.83451412,-73.9177042	
40.834711,-73.942543	
40.834882,-73.889236	
40.835342,-73.856848	
40.835397,-73.924781	
40.8361,-73.854658	
40.836258,-73.911326	
40.836279,-73.859568	
40.836279,-73.859568	
40.83628,-73.927488	
40.83658,-73.912146	
40.836593,-73.889069	
40.836818,-73.943674	
40.837326,-73.887927	
40.837326,-73.887927	
40.837774,-73.919455	
40.8378421209284,-73.9196277517392	
40.8378421209284,-73.9196277517392	
40.8378421209284,-73.9196277517392	
40.8378421209284,-73.9196277517392	
40.8378421209284,-73.9196277517392	
40.8378421209284,-73.9196277517392	
40.8378421209284,-73.9196277517392	
40.8378421209284,-73.9196277517392	
40.8378421209284,-73.9196277517392	
40.8378421209284,-73.9196277517392	
40.8378421209284,-73.9196277517392	
40.8378421209284,-73.9196277517392	
40.8378421209284,-73.9196277517392	
40.8378421209284,-73.9196277517392	
40.8378421209284,-73.9196277517392	
40.8378421209284,-73.9196277517392	
40.838309,-73.946248	
40.838853,-73.910303	
40.838955,-73.863746	
40.839248,-73.876026	
40.839677,-73.926348	
40.839711,-73.858009	
40.84029204,-73.91435044	
40.840323,-73.89964	
40.840548,-73.928416	
40.840642,-73.885667	
40.84076628,-73.91729892	
40.840775,-73.936253	
40.840775,-73.936253	
40.840775,-73.936253	
40.840775,-73.936253	
40.840775,-73.936253	
40.840775,-73.936253	
40.8407811088581,-73.9362453818218	
40.8407811088581,-73.9362453818218	
40.8407811088581,-73.9362453818218	
40.8407811088581,-73.9362453818218	
40.8407811088581,-73.9362453818218	
40.8407811088581,-73.9362453818218	
40.8407811088581,-73.9362453818218	
40.84095296,-73.93947116	
40.841275,-73.912583	
40.841935,-73.914246	
40.841988,-73.912346	
40.84232,-73.885738	
40.842714,-73.838342	
40.842905,-73.94401	
40.843004,-73.886251	
40.843341,-73.926147	
40.843537,-73.911821	
40.84381,-73.913443	
40.843844,-73.936821	
40.843844,-73.936821	
40.844144,-73.900499	
40.844144,-73.900499	
40.844144,-73.900499	
40.8441566000203,-73.9006054489734	
40.8441566000203,-73.9006054489734	
40.8441566000203,-73.9006054489734	
40.8441566000203,-73.9006054489734	
40.8441566000203,-73.9006054489734	
40.844307,-73.909419	
40.844568,-73.915305	
40.844613,-73.815241	
40.845455,-73.904791	
40.845486,-73.893443	
40.845691,-73.93719	
40.845784,-73.910278	
40.845855,-73.910181	
40.846018,-73.8492	
40.846242,-73.824697	
40.846384,-73.884128	
40.846474,-73.893852	
40.846856,-73.916595	
40.846856,-73.916595	
40.847878,-73.911073	
40.848201,-73.890897	
40.848794,-73.937229	
40.850286,-73.901507	
40.850286,-73.901507	
40.850763,-73.91515	
40.851104,-73.935254	
40.851186,-73.898838	
40.8512131676868,-73.9352160519866	
40.8512131676868,-73.9352160519866	
40.8512131676868,-73.9352160519866	
40.851333,-73.907234	
40.851333,-73.907234	
40.851333,-73.907234	
40.852004,-73.922496	
40.852004,-73.922496	
40.852038,-73.888428	
40.852176,-73.918477	
40.853107,-73.883007	
40.853312,-73.906025	
40.853312,-73.906025	
40.853578,-73.900591	
40.853578,-73.900591	
40.853578,-73.900591	
40.8535983673823,-73.9005768807295	
40.8535983673823,-73.9005768807295	
40.8535983673823,-73.9005768807295	
40.8535983673823,-73.9005768807295	
40.8535983673823,-73.9005768807295	
40.8535983673823,-73.9005768807295	
40.8535983673823,-73.9005768807295	
40.8535983673823,-73.9005768807295	
40.8535983673823,-73.9005768807295	
40.8535983673823,-73.9005768807295	
40.8535983673823,-73.9005768807295	
40.8535983673823,-73.9005768807295	
40.854056,-73.902295	
40.854402,-73.88233	
40.854402,-73.88233	
40.854402,-73.88233	
40.854402,-73.88233	
40.854402,-73.88233	
40.854745,-73.89356	
40.855436,-73.90705	
40.856176,-73.883577	
40.8565035,-73.93276214	
40.8565767275976,-73.8438936779283	
40.8565767275976,-73.8438936779283	
40.8565767275976,-73.8438936779283	
40.8565767275976,-73.8438936779283	
40.8565767275976,-73.8438936779283	
40.858634,-73.885543	
40.858634,-73.885543	
40.85933,-73.900006	
40.859376,-73.897103	
40.86003711,-73.89115562	
40.860096,-73.868536	
40.86015,-73.870732	
40.86015,-73.870732	
40.860365,-73.846402	
40.86094013,-73.82257771	
40.861056,-73.893447	
40.86133725,-73.86679786	
40.861496,-73.909763	
40.861526,-73.866715	
40.862158,-73.890743	
40.862158,-73.890743	
40.862158,-73.890743	
40.862368,-73.896509	
40.862368,-73.896509	
40.862383,-73.866247	
40.86308,-73.898619	
40.863302,-73.891222	
40.86333,-73.896468	
40.863989,-73.924889	
40.86413235,-73.89131161	
40.864322,-73.866377	
40.864322,-73.866377	
40.864521,-73.907641	
40.86502025,-73.89275994	
40.865655,-73.891302	
40.86633572,-73.92500424	
40.86660091,-73.8954437	
40.866664,-73.864423	
40.866919,-73.868319	
40.867644,-73.907306	
40.868748,-73.921023	
40.869214,-73.893393	
40.869292,-73.88951	
40.86937,-73.880047	
40.86937,-73.880047	
40.86937,-73.880047	
40.86937,-73.880047	
40.86937,-73.880047	
40.8694704770483,-73.8798608037303	
40.8694704770483,-73.8798608037303	
40.8694704770483,-73.8798608037303	
40.8694704770483,-73.8798608037303	
40.8694704770483,-73.8798608037303	
40.8694704770483,-73.8798608037303	
40.8694704770483,-73.8798608037303	
40.869691,-73.838645	
40.8701843,-73.88551662	
40.870396,-73.892302	
40.870521,-73.847007	
40.870821,-73.827025	
40.871052,-73.892484	
40.872142,-73.87778	
40.873503,-73.902906	
40.873503,-73.902906	
40.873503,-73.902906	
40.873503,-73.902906	
40.873944,-73.908788	
40.873944,-73.908788	
40.873944,-73.908788	
40.875161,-73.909056	
40.876201,-73.907648	
40.877327,-73.85803	
40.877561,-73.872933	
40.877859,-73.831564	
40.878105,-73.860454	
40.878246,-73.871692	
40.87916,-73.854138	
40.879528,-73.904361	
40.879755,-73.836781	
40.880249,-73.827997	
40.880344,-73.904323	
40.880387,-73.899278	
40.880655,-73.88159	
40.880998,-73.864255	
40.8828621313214,-73.9035744897024	
40.8828621313214,-73.9035744897024	
40.8828621313214,-73.9035744897024	
40.8828621313214,-73.9035744897024	
40.8828621313214,-73.9035744897024	
40.8828621313214,-73.9035744897024	
40.8828621313214,-73.9035744897024	
40.8828621313214,-73.9035744897024	
40.884271,-73.847178	
40.884487,-73.905598	
40.886958,-73.864311	
40.8873136344706,-73.8472717577564	
40.8873136344706,-73.8472717577564	
40.8873136344706,-73.8472717577564	
40.8873136344706,-73.8472717577564	
40.8873136344706,-73.8472717577564	
40.8873136344706,-73.8472717577564	
40.8873136344706,-73.8472717577564	
40.887325,-73.847247	
40.887325,-73.847247	
40.889257,-73.854591	
40.88987384,-73.88741768	
40.890461,-73.850539	
40.891464,-73.86285	
40.895207,-73.854851	
40.895207,-73.854851	
40.89536,-73.913526	
40.896144,-73.859244	
40.897374,-73.858447	
40.899976,-73.858215	
40.900438,-73.866523	
40.903509,-73.841133	
40.903687,-73.850861	
40.904254,-73.854263	
40.904331,-73.846933	
